name,email,phone,city
John Doe,375320dd9ae7ed408002f3768e16cb5f28c861062fd50dff9a3bff62e9dce4ef,0412345678,Perth
Jane Smith,f4199f368e00bf567089efe5099e59ff2d9cb3cbcb700ab58e66eba74e384d52,0498765432,Perth
Test User,b2f908fda9f0d91f4d87c9796c6416bf2f408f97a3ebfae055b4d247da9d916d,0400111222,Fremantle
Alice Brown,83cf17aa0f2d3aaa8bfc82956cec9df4fdacc047abb76c465962f5f0752c822a,0411002200,Subiaco
Michael Tan,edb7327263d84f86ac6d3fb6b68d99421e49ca03416cc91eaef0590edeaf3357,0422556677,Joondalup
Sarah Lee,55ab3143bfbd591558af3654b3f491eba6b9b951f92e276bc6b8abbaf1a8b05f,0433445566,Perth
David Lim,b1d736798dfd8311afb3f03a7820123231c7d5741830d7232a8ba4966672d992,0444556677,Perth
Emma Wilson,34cc3e151a8cc62ca4176b4edb008a172ae5151cd35c71b4c05a8a21af45e13f,0455667788,Victoria Park
Noah Patel,57fa4cdd32871c2870fad290125a918b42394388eb086e28f91ff282930e6a3a,0466778899,Cannington
Grace Chen,9d766f77d28965325a27d0045a695a000913070869db0d990d38a82cdc7cce27,0477889900,Mount Lawley
